id,name,lat,lon,departure,arrival
2,Buckingham Fountain,41.87651123,-87.62054801,0.0,0.0
3,Shedd Aquarium,41.86722596,-87.61535539,0.0,0.0
4,Burnham Harbor,41.856268,-87.613348,47.0,25.0
5,State St & Harrison St,41.874053,-87.627716,137.0,130.0
6,Dusable Harbor,41.886976,-87.612813,53.0,53.0
7,Field Blvd & South Water St,41.88634906,-87.61751655,36.0,24.0
9,Leavitt St & Archer Ave,41.82879202,-87.68060446,62.0,62.0
11,Jeffery Blvd & 71st St,41.76663824,-87.57645011,61.0,66.0
12,South Shore Dr & 71st St,41.76640946,-87.56568757,0.0,0.0
13,Wilton Ave & Diversey Pkwy,41.932418,-87.652705,3.0,4.0
14,Morgan St & 18th St,41.858086,-87.651073,0.0,0.0
15,Racine Ave & 18th St,41.858166,-87.656495,2.0,1.0
16,Paulina Ave & North Ave,41.910337,-87.670072,11.0,7.0
17,Honore St & Division St,41.903119,-87.673935,67.0,98.0
18,Wacker Dr & Washington St,41.883132,-87.637321,21.0,18.0
19,Throop (Loomis) St & Taylor St,41.868968,-87.659141,24.0,26.0
20,Sheffield Ave & Kingsbury St,41.910522,-87.653106,35.0,36.0
21,Aberdeen St & Jackson Blvd,41.87772613,-87.65478743,42.0,29.0
22,May St & Taylor St,41.8694821,-87.6554864,67.0,70.0
23,Orleans St & Elm St,41.902924,-87.637715,23.0,25.0
24,Fairbanks Ct & Grand Ave,41.89184737,-87.6205802,52.0,51.0
25,Michigan Ave & Pearson St,41.89766,-87.62351,63.0,74.0
26,McClurg Ct & Illinois St,41.890359,-87.617532,29.0,37.0
27,Larrabee St & North Ave,41.91021,-87.6435,20.0,17.0
28,Larrabee St & Menomonee St,41.91468,-87.64332,94.0,102.0
29,Noble St & Milwaukee Ave,41.90068,-87.6626,56.0,46.0
30,Ashland Ave & Augusta Blvd,41.899643,-87.6677,85.0,85.0
31,Franklin St & Chicago Ave,41.89674697,-87.63566762,25.0,25.0
32,Racine Ave & Congress Pkwy,41.87464,-87.65703,21.0,24.0
33,State St & Van Buren St,41.877181,-87.627844,26.0,28.0
34,Cannon Dr & Fullerton Ave,41.92675599,-87.63442878,31.0,29.0
35,Streeter Dr & Grand Ave,41.892278,-87.612043,80.0,78.0
36,Franklin St & Jackson Blvd,41.87770796,-87.63532114,31.0,35.0
37,Dearborn St & Adams St,41.87935636,-87.62979104,63.0,45.0
38,Clark St & Lake St,41.88602083,-87.63087606,47.0,44.0
39,Wabash Ave & Adams St,41.87947235,-87.62568861,493.0,502.0
40,LaSalle St & Adams St,41.87934437,-87.63198522,93.0,89.0
41,Federal St & Polk St,41.87207763,-87.62954377,51.0,58.0
42,Wabash Ave & Cermak Rd,41.852619,-87.626488,77.0,74.0
43,Michigan Ave & Washington St,41.88398406,-87.62468398,65.0,49.0
44,State St & Randolph St,41.8847302,-87.62773357,35.0,34.0
45,Michigan Ave & Ida B Wells Dr,41.876243,-87.624426,54.0,58.0
46,Wells St & Walton St,41.89993001,-87.63443007,21.0,15.0
47,State St & Kinzie St,41.889187,-87.627754,285.0,248.0
48,Larrabee St & Kingsbury St,41.897764,-87.642884,90.0,95.0
49,Dearborn St & Monroe St,41.88131982,-87.62952092,55.0,51.0
50,Clark St & Ida B Wells Dr,41.87593267,-87.63058454,42.0,24.0
51,Clark St & Randolph St,41.88457623,-87.63188991,110.0,103.0
52,Michigan Ave & Lake St,41.886024,-87.624117,115.0,151.0
53,Wells St & Huron St,41.894722,-87.634362,88.0,89.0
54,Ogden Ave & Chicago Ave,41.89636246,-87.65406127,63.0,66.0
55,Halsted St & Roosevelt Rd,41.867324,-87.648625,68.0,83.0
56,Desplaines St & Kinzie St,41.88871604,-87.64444785,115.0,118.0
57,Clinton St & Roosevelt Rd,41.86711778,-87.64108796,111.0,111.0
58,Marshfield Ave & Cortland St,41.916017,-87.668879,47.0,46.0
59,Wabash Ave & Roosevelt Rd,41.867227,-87.625961,27.0,28.0
60,Dayton St & North Ave,41.91057803,-87.64942193,103.0,68.0
61,Wood St & Milwaukee Ave,41.907655,-87.672552,26.0,29.0
62,McCormick Place,41.85137517,-87.61883465,79.0,71.0
66,Clinton St & Lake St,41.885637,-87.641823,96.0,97.0
67,Sheffield Ave & Fullerton Ave,41.92560188,-87.65370804,44.0,37.0
68,Clinton St & Tilden St,41.875885,-87.640795,48.0,46.0
69,Damen Ave & Pierce Ave,41.90939601,-87.67769193,20.0,19.0
71,Morgan St & Lake St,41.88548331,-87.65230486,0.0,0.0
72,Wabash Ave & 16th St,41.860384,-87.625813,0.0,0.0
73,Jefferson St & Monroe St,41.880422,-87.642746,0.0,0.0
74,Kingsbury St & Erie St,41.89380806,-87.64169723,138.0,139.0
75,Canal St & Jackson Blvd,41.877245,-87.639366,77.0,92.0
76,Lake Shore Dr & Monroe St,41.880958,-87.616743,32.0,36.0
77,Clinton St & Madison St,41.882242,-87.641066,87.0,104.0
80,Aberdeen St & Monroe St,41.880419,-87.655519,0.0,0.0
81,Daley Center Plaza,41.884241,-87.629634,100.0,100.0
84,Milwaukee Ave & Grand Ave,41.891578,-87.648384,48.0,52.0
85,Michigan Ave & Oak St,41.90096039,-87.62377664,37.0,37.0
86,Eckhart Park,41.89637337,-87.66098386,90.0,86.0
87,Racine Ave & Fullerton Ave,41.92556258,-87.65840426,55.0,52.0
88,Racine Ave & Randolph St,41.884069,-87.656853,277.0,243.0
89,Financial Pl & Ida B Wells Dr,41.87502363,-87.63309404,263.0,217.0
90,Millennium Park,41.8810317,-87.62408432,0.0,0.0
91,Clinton St & Washington Blvd,41.88338,-87.64117,0.0,0.0
92,Carpenter St & Huron St,41.894556,-87.653449,55.0,56.0
93,Sheffield Ave & Willow St,41.913688,-87.652855,235.0,235.0
94,Clark St & Armitage Ave,41.918306,-87.636282,0.0,0.0
95,Stony Island Ave & 64th St,41.778881,-87.586647,0.0,0.0
96,Desplaines St & Randolph St,41.88461619,-87.64457058,58.0,64.0
97,Field Museum,41.865312,-87.617867,219.0,222.0
98,LaSalle St & Washington St,41.882664,-87.63253,34.0,37.0
99,Lake Shore Dr & Ohio St,41.89257,-87.614492,63.0,61.0
100,Orleans St & Merchandise Mart Plaza,41.888243,-87.63639,36.0,41.0
101,63rd St Beach,41.78101637,-87.57611976,30.0,38.0
102,Stony Island Ave & 67th St,41.7734585,-87.58533974,242.0,229.0
103,Clinton St & Polk St,41.87146652,-87.64094913,276.0,287.0
106,State St & Pearson St,41.897448,-87.628722,40.0,36.0
107,Desplaines St & Jackson Blvd,41.878287,-87.643909,60.0,57.0
108,Halsted St & Polk St,41.87184,-87.64664,106.0,103.0
109,900 W Harrison St,41.874754,-87.649807,2.0,1.0
110,Dearborn St & Erie St,41.893992,-87.629318,63.0,49.0
111,Sedgwick St & Huron St,41.894666,-87.638437,37.0,34.0
112,Green St & Randolph St,41.883668,-87.64867,65.0,55.0
113,Bissell St & Armitage Ave,41.91844,-87.65222,70.0,72.0
114,Sheffield Ave & Waveland Ave,41.949399,-87.654529,143.0,123.0
115,Sheffield Ave & Wellington Ave,41.936266,-87.652662,18.0,12.0
116,Western Ave & Winnebago Ave,41.91552,-87.687022,0.0,0.0
117,Wilton Ave & Belmont Ave,41.94018,-87.65304,22.0,14.0
118,Sedgwick St & North Ave,41.911386,-87.638677,0.0,0.0
119,Ashland Ave & Lake St,41.88592,-87.66717,0.0,0.0
120,Wentworth Ave & Cermak Rd (Temp),41.853005,-87.630578,50.0,56.0
121,Blackstone Ave & Hyde Park Blvd,41.802562,-87.590368,61.0,61.0
122,Ogden Ave & Congress Pkwy,41.87501,-87.67328,30.0,32.0
123,California Ave & Milwaukee Ave,41.922695,-87.697153,19.0,20.0
124,Damen Ave & Cullerton St,41.855048,-87.675726,135.0,132.0
125,Rush St & Hubbard St,41.890173,-87.626185,61.0,62.0
126,Clark St & North Ave,41.911974,-87.631942,77.0,81.0
127,Lincoln Ave & Fullerton Ave,41.925905,-87.64926,68.0,73.0
128,Damen Ave & Chicago Ave,41.895769,-87.67722,59.0,64.0
129,Blue Island Ave & 18th St,41.857556,-87.661535,72.0,96.0
130,Damen Ave & Division St,41.903266,-87.678435,47.0,53.0
131,Lincoln Ave & Belmont Ave,41.939365,-87.668385,109.0,111.0
132,Wentworth Ave & 24th St (Temp),41.85008369,-87.63214052,82.0,84.0
133,Kingsbury St & Kinzie St,41.88917683,-87.63850577,25.0,21.0
134,Peoria St & Jackson Blvd,41.8776416,-87.64961779,14.0,22.0
135,Halsted St & 21st St,41.85378,-87.64665,14.0,16.0
136,Racine Ave & 13th St,41.865054,-87.656959,7.0,4.0
137,Morgan Ave & 14th Pl,41.862378,-87.651062,37.0,47.0
138,Clybourn Ave & Division St,41.904613,-87.640552,10.0,10.0
140,Dearborn Pkwy & Delaware Pl,41.898969,-87.629912,48.0,88.0
141,Clark St & Lincoln Ave,41.915689,-87.6346,54.0,51.0
142,McClurg Ct & Erie St,41.894503,-87.617854,60.0,60.0
143,Sedgwick St & Webster Ave,41.922167,-87.638888,32.0,38.0
144,Larrabee St & Webster Ave,41.921822,-87.64414,23.0,26.0
145,Mies van der Rohe Way & Chestnut St,41.89858665,-87.62191523,36.0,41.0
146,Loomis St & Jackson Blvd,41.877945,-87.662007,32.0,34.0
147,Indiana Ave & 26th St,41.845687,-87.622481,5.0,3.0
148,State St & 33rd St,41.834734,-87.625813,161.0,158.0
149,Calumet Ave & 33rd St,41.8349,-87.61793,63.0,63.0
150,Fort Dearborn Dr & 31st St,41.838556,-87.608218,7.0,7.0
152,Lincoln Ave & Diversey Pkwy,41.932225,-87.658617,9.0,3.0
153,Southport Ave & Wellington Ave,41.935733,-87.663576,27.0,30.0
154,Southport Ave & Belmont Ave,41.93949,-87.66378,26.0,22.0
156,Clark St & Wellington Ave,41.93649682,-87.64753866,0.0,0.0
157,Lake Shore Dr & Wellington Ave,41.93668845,-87.63682902,127.0,96.0
158,Milwaukee Ave & Wabansia Ave,41.912616,-87.681391,126.0,93.0
159,Claremont Ave & Hirsch St,41.907781,-87.685854,91.0,76.0
160,Campbell Ave & North Ave,41.910535,-87.689556,66.0,78.0
161,Rush St & Superior St,41.89576475,-87.62590803,61.0,67.0
162,Damen Ave & Wellington Ave,41.93588,-87.67842,72.0,76.0
163,Damen Ave & Clybourn Ave,41.931931,-87.677856,24.0,16.0
164,Franklin St & Lake St,41.885837,-87.6355,12.0,14.0
165,Clark St & Grace St,41.95078,-87.659172,30.0,31.0
166,Ashland Ave & Wrightwood Ave,41.92883,-87.668507,20.0,20.0
167,Damen Ave & Coulter St,41.8492,-87.67564,56.0,47.0
168,Michigan Ave & 14th St,41.864059,-87.623727,0.0,0.0
169,Canal St & Harrison St,41.874255,-87.639573,31.0,37.0
170,Clinton St & 18th St,41.85795,-87.640826,45.0,49.0
171,May St & Cullerton St,41.855136,-87.654127,40.0,34.0
172,Rush St & Cedar St,41.9023087,-87.62769053,0.0,0.0
173,Mies van der Rohe Way & Chicago Ave,41.89691,-87.621743,58.0,57.0
174,Canal St & Madison St,41.882091,-87.639833,80.0,84.0
175,Wells St & Polk St,41.872596,-87.633502,47.0,43.0
176,Clark St & Elm St,41.902973,-87.63128,14.0,17.0
177,Theater on the Lake,41.926277,-87.630834,23.0,20.0
178,State St & 19th St,41.856594,-87.627542,54.0,58.0
179,MLK Jr Dr & Pershing Rd,41.8246,-87.61678,15.0,23.0
180,Ritchie Ct & Banks St,41.906866,-87.626217,15.0,17.0
181,LaSalle St & Illinois St,41.890762,-87.631697,79.0,80.0
182,Wells St & Elm St,41.903222,-87.634324,32.0,32.0
183,Damen Ave & Thomas St (Augusta Blvd),41.901315,-87.677409,25.0,26.0
184,State St & 35th St,41.8309,-87.62803,1.0,0.0
185,Stave St & Armitage Ave,41.917741,-87.691392,30.0,33.0
186,Ogden Ave & Race Ave,41.891795,-87.658751,21.0,21.0
188,Greenview Ave & Fullerton Ave,41.92533,-87.6658,16.0,20.0
190,Southport Ave & Wrightwood Ave,41.928773,-87.663913,13.0,12.0
191,Canal St & Monroe St,41.88169,-87.63953,77.0,80.0
192,Canal St & Adams St,41.879255,-87.639904,93.0,96.0
193,State St & 29th St,41.841707,-87.626938,162.0,148.0
194,Wabash Ave & Wacker Pl,41.886875,-87.62603,37.0,33.0
195,Columbus Dr & Randolph St,41.884728,-87.619521,137.0,136.0
196,Cityfront Plaza Dr & Pioneer Ct,41.890573,-87.622072,214.0,203.0
197,Michigan Ave & Madison St,41.882134,-87.625125,19.0,17.0
198,Green St & Madison St,41.881892,-87.648789,5.0,5.0
199,Wabash Ave & Grand Ave,41.891466,-87.626761,47.0,47.0
200,MLK Jr Dr & 47th St,41.809851,-87.616279,109.0,109.0
201,Indiana Ave & 40th St,41.82168,-87.6216,77.0,72.0
202,Halsted St & 18th St,41.857499,-87.646277,35.0,31.0
203,Western Ave & 21st St,41.854109,-87.685838,21.0,20.0
204,Prairie Ave & Garfield Blvd,41.794853,-87.618691,11.0,10.0
205,Paulina St & 18th St,41.857901,-87.668745,37.0,36.0
206,Halsted St & Archer Ave,41.847203,-87.646795,0.0,0.0
207,Emerald Ave & 28th St,41.84358,-87.645368,35.0,37.0
208,Laflin St & Cullerton St,41.85491458,-87.66355991,0.0,0.0
209,Normal Ave & Archer Ave,41.849527,-87.640591,41.0,35.0
210,Ashland Ave & Division St,41.90345,-87.667747,77.0,68.0
211,St. Clair St & Erie St,41.894448,-87.622663,334.0,257.0
212,Wells St & Hubbard St,41.889906,-87.634266,2.0,1.0
213,Leavitt St & North Ave,41.910153,-87.68229,64.0,63.0
214,Damen Ave & Grand Ave,41.89122,-87.67686,189.0,145.0
215,Damen Ave & Madison St,41.88137,-87.67493,83.0,67.0
216,California Ave & Division St,41.903029,-87.697474,55.0,60.0
217,Elizabeth (May) St & Fulton St,41.88661649,-87.65803993,81.0,93.0
218,Wells St & 19th St,41.856802,-87.633879,129.0,128.0
219,Damen Ave & Cortland St,41.915983,-87.677335,3.0,3.0
220,Clark St & Drummond Pl,41.931248,-87.644336,5.0,4.0
222,Milwaukee Ave & Rockwell St,41.920195,-87.693033,12.0,6.0
223,Clifton Ave & Armitage Ave,41.918216,-87.656936,5.0,9.0
224,Halsted St & Willow St,41.913865,-87.648755,10.0,9.0
225,Halsted St & Dickens Ave,41.919936,-87.64883,13.0,18.0
226,Racine Ave & Belmont Ave,41.939743,-87.658865,7.0,4.0
227,Southport Ave & Waveland Ave,41.94815,-87.66394,11.0,12.0
228,Damen Ave & Melrose Ave,41.9406,-87.6785,10.0,14.0
229,Southport Ave & Roscoe St,41.943739,-87.66402,10.0,7.0
230,Lincoln Ave & Roscoe St,41.94334,-87.67097,104.0,98.0
231,Sheridan Rd & Montrose Ave,41.96167,-87.65464,119.0,133.0
232,Pine Grove Ave & Waveland Ave,41.949275,-87.646303,114.0,116.0
233,Sangamon St & Washington Blvd,41.883165,-87.6511,30.0,33.0
234,Clark St & Montrose Ave,41.961588,-87.666036,30.0,29.0
236,Sedgwick St & Schiller St,41.907626,-87.638566,16.0,16.0
237,MLK Jr Dr & 29th St,41.842052,-87.617,17.0,21.0
238,Wolcott (Ravenswood) Ave & Montrose Ave,41.961406,-87.676169,36.0,37.0
239,Western Ave & Leland Ave,41.96649453,-87.68841863,10.0,13.0
240,Sheridan Rd & Irving Park Rd,41.954245,-87.654406,42.0,37.0
241,Morgan St & Polk St,41.871737,-87.65103,66.0,57.0
242,Damen Ave & Leland Ave,41.967094,-87.679028,0.0,0.0
243,Lincoln Ave & Sunnyside Ave,41.963004,-87.684781,15.0,19.0
244,Ravenswood Ave & Irving Park Rd,41.95469,-87.67393,47.0,41.0
245,Clarendon Ave & Junior Ter,41.961004,-87.649603,42.0,43.0
246,Ashland Ave & Belle Plaine Ave,41.956057,-87.668835,52.0,62.0
247,Shore Dr & 55th St,41.795212,-87.580715,40.0,39.0
248,Woodlawn Ave & 55th St,41.795264,-87.596471,67.0,70.0
249,Montrose Harbor,41.963982,-87.638181,8.0,8.0
250,Ashland Ave & Wellington Ave,41.936083,-87.669807,27.0,71.0
251,Clarendon Ave & Leland Ave,41.967968,-87.650001,52.0,63.0
252,Greenwood Ave & 47th St,41.809835,-87.599383,38.0,39.0
253,Winthrop Ave & Lawrence Ave,41.968812,-87.657659,57.0,60.0
254,Pine Grove Ave & Irving Park Rd,41.954383,-87.648043,50.0,43.0
255,Indiana Ave & Roosevelt Rd,41.867888,-87.623041,21.0,21.0
256,Broadway & Sheridan Rd,41.952833,-87.649993,0.0,0.0
257,Lincoln Ave & Waveland Ave,41.948797,-87.675278,29.0,30.0
258,Logan Blvd & Elston Ave,41.929465,-87.684158,42.0,46.0
259,California Ave & Francis Pl (Temp),41.91849115,-87.6974228,18.0,22.0
260,Kedzie Ave & Milwaukee Ave,41.929567,-87.707857,20.0,30.0
261,Hermitage Ave & Polk St,41.871514,-87.669886,62.0,62.0
262,Halsted St & 37th St,41.827059,-87.64572,60.0,57.0
263,Rhodes Ave & 32nd St,41.836208,-87.613533,24.0,26.0
264,Stetson Ave & South Water St,41.886835,-87.62232,22.0,19.0
265,Cottage Grove Ave & Oakwood Blvd,41.822985,-87.6071,19.0,24.0
267,Lake Park Ave & 47th St,41.809443,-87.591875,25.0,25.0
268,Lake Shore Dr & North Blvd,41.911722,-87.626804,12.0,19.0
270,Stony Island Ave & 75th St,41.75866967,-87.58688287,31.0,35.0
271,Cottage Grove Ave & 43rd St,41.816499,-87.606582,17.0,18.0
272,Indiana Ave & 31st St,41.838842,-87.621857,126.0,133.0
273,Michigan Ave & 18th St,41.857813,-87.62455,18.0,27.0
274,Racine Ave & 15th St,41.861267,-87.656625,14.0,17.0
275,Ashland Ave & 13th St,41.865234,-87.666507,8.0,11.0
276,California Ave & North Ave,41.91044,-87.6972,17.0,24.0
277,Ashland Ave & Grand Ave,41.891072,-87.666611,48.0,52.0
278,Wallace St & 35th St,41.830629,-87.64129,102.0,102.0
279,Halsted St & 35th St,41.830661,-87.647172,42.0,39.0
280,Morgan St & 31st St,41.8378,-87.65114,19.0,20.0
281,Western Ave & 24th St,41.84847,-87.685109,14.0,14.0
282,Halsted St & Maxwell St,41.864883,-87.647071,21.0,16.0
283,LaSalle St & Jackson Blvd,41.878166,-87.631929,46.0,31.0
284,Michigan Ave & Jackson Blvd,41.87785,-87.62408,28.0,32.0
285,Wood St & Hubbard St,41.889899,-87.671473,9.0,7.0
286,Franklin St & Adams St (Temp),41.87943409,-87.63550401,12.0,7.0
287,Franklin St & Monroe St,41.880317,-87.635185,53.0,55.0
288,Larrabee St & Armitage Ave,41.918084,-87.643749,7.0,10.0
289,Wells St & Concord Ln,41.912133,-87.634656,0.0,0.0
290,Kedzie Ave & Palmer Ct,41.921525,-87.707322,10.0,8.0
291,Wells St & Evergreen Ave,41.906724,-87.63483,323.0,467.0
292,Southport Ave & Clark St,41.957081,-87.664199,0.0,0.0
293,Broadway & Wilson Ave,41.965221,-87.658139,1.0,1.0
294,Broadway & Berwyn Ave,41.978353,-87.659753,6.0,2.0
295,Broadway & Argyle St,41.973815,-87.65966,12.0,17.0
296,Broadway & Belmont Ave,41.940106,-87.645451,47.0,60.0
297,Paulina St & Montrose Ave,41.961507,-87.671387,12.0,9.0
298,Lincoln Ave & Belle Plaine Ave,41.95602,-87.680293,11.0,12.0
299,Halsted St & Roscoe St,41.94367,-87.64895,15.0,14.0
300,Broadway & Barry Ave,41.937725,-87.644095,36.0,30.0
301,Clark St & Schiller St,41.907993,-87.631501,7.0,8.0
302,Sheffield Ave & Wrightwood Ave,41.928712,-87.653833,4.0,6.0
303,Broadway & Cornelia Ave,41.945529,-87.646439,7.0,7.0
304,Broadway & Waveland Ave,41.949074,-87.648636,4.0,3.0
305,Western Ave & Division St,41.902893,-87.687275,26.0,30.0
306,Sheridan Rd & Buena Ave,41.958494,-87.654966,157.0,141.0
307,Southport Ave & Clybourn Ave,41.920771,-87.663712,71.0,73.0
308,Seeley Ave & Roscoe St,41.943403,-87.679618,23.0,21.0
309,Leavitt St & Armitage Ave,41.917805,-87.682437,49.0,47.0
310,Damen Ave & Charleston St,41.920082,-87.677855,202.0,181.0
311,Leavitt St & Lawrence Ave,41.968885,-87.684001,40.0,42.0
312,Clarendon Ave & Gordon Ter,41.957879,-87.649519,113.0,101.0
313,Lakeview Ave & Fullerton Pkwy,41.925858,-87.638973,23.0,22.0
314,Ravenswood Ave & Berteau Ave,41.957921,-87.673567,89.0,83.0
315,Elston Ave & Wabansia Ave,41.912919,-87.664169,8.0,7.0
316,Damen Ave & Sunnyside Ave,41.96325,-87.679258,45.0,47.0
317,Wood St & Taylor St,41.869154,-87.671045,31.0,36.0
318,Southport Ave & Irving Park Rd,41.954177,-87.664358,32.0,36.0
319,Greenview Ave & Diversey Pkwy,41.93258963,-87.66593635,65.0,80.0
320,Loomis St & Lexington St,41.872187,-87.661501,13.0,18.0
321,Wabash Ave & 9th St,41.870769,-87.625734,22.0,30.0
322,Kimbark Ave & 53rd St,41.799568,-87.594747,59.0,67.0
323,Sheridan Rd & Lawrence Ave,41.969517,-87.654691,93.0,95.0
324,Stockton Dr & Wrightwood Ave,41.93132,-87.638742,69.0,60.0
325,Clark St & Winnemac Ave,41.97334,-87.66778,58.0,55.0
326,Clark St & Leland Ave,41.967096,-87.667429,65.0,82.0
327,Sheffield Ave & Webster Ave,41.92154,-87.653818,55.0,61.0
328,Ellis Ave & 58th St,41.788746,-87.601334,20.0,28.0
329,Lake Shore Dr & Diversey Pkwy,41.932588,-87.636427,28.0,22.0
330,Lincoln Ave & Addison St,41.946176,-87.673308,48.0,52.0
331,Halsted St & Clybourn Ave,41.909668,-87.648128,21.0,20.0
332,Burling St (Halsted) & Diversey Pkwy (Temp),41.93314,-87.64776,19.0,16.0
333,Ashland Ave & Blackhawk St,41.907066,-87.667252,27.0,28.0
334,Lake Shore Dr & Belmont Ave,41.940775,-87.639192,17.0,13.0
335,Calumet Ave & 35th St,41.831379,-87.618034,38.0,39.0
336,Cottage Grove Ave & 47th St,41.809855,-87.606755,103.0,125.0
337,Clark St & Chicago Ave,41.89675,-87.63089,7.0,9.0
338,Calumet Ave & 18th St,41.857611,-87.619407,13.0,18.0
339,Emerald Ave & 31st St,41.838198,-87.645143,12.0,14.0
340,Clark St & Wrightwood Ave,41.929546,-87.643118,35.0,27.0
341,Adler Planetarium,41.866095,-87.607267,20.0,21.0
342,Wolcott Ave & Polk St,41.871262,-87.673688,24.0,24.0
343,Racine Ave & Wrightwood Ave,41.928887,-87.658971,58.0,60.0
344,Ravenswood Ave & Lawrence Ave,41.96909,-87.674237,63.0,76.0
345,Lake Park Ave & 56th St,41.793242,-87.587782,30.0,30.0
346,Ada St & Washington Blvd,41.88283,-87.661206,21.0,26.0
347,Ashland Ave & Grace St,41.950687,-87.6687,53.0,55.0
348,California Ave & 21st St,41.85380407,-87.6957424,44.0,47.0
349,Halsted St & Wrightwood Ave,41.929143,-87.649077,36.0,41.0
350,Ashland Ave & Chicago Ave,41.895966,-87.667747,70.0,63.0
351,Cottage Grove Ave & 51st St,41.803038,-87.606615,24.0,24.0
352,Jeffery Blvd & 67th St,41.77351755,-87.57714283,83.0,84.0
353,Clark St & Touhy Ave,42.01256012,-87.67436712,9.0,10.0
354,Sheridan Rd & Greenleaf Ave,42.01058656,-87.66241209,88.0,96.0
355,South Shore Dr & 67th St,41.773643,-87.567514,51.0,53.0
356,Stony Island Ave & 71st St,41.76649294,-87.58646088,40.0,41.0
359,Larrabee St & Division St,41.90348607,-87.64335349,73.0,73.0
364,Larrabee St & Oak St,41.90021949,-87.64298547,6.0,4.0
365,Halsted St & North Branch St,41.89936844,-87.64847988,3.0,5.0
366,Loomis St & Archer Ave,41.84163254,-87.65743495,44.0,48.0
367,Racine Ave & 35th St,41.83069611,-87.65597591,51.0,50.0
368,Ashland Ave & Archer Ave,41.83920868,-87.66560986,18.0,17.0
369,Wood St & 35th St,41.83010465,-87.67029831,56.0,73.0
370,Calumet Ave & 21st St,41.85418425,-87.61915374,99.0,92.0
373,Kedzie Ave & Chicago Ave,41.8954653,-87.70612788,40.0,40.0
374,Western Ave & Walton St,41.89841769,-87.68659602,28.0,30.0
375,Sacramento Blvd & Franklin Blvd,41.89046879,-87.70260751,75.0,72.0
376,Artesian Ave & Hubbard St,41.88949182,-87.68821936,24.0,24.0
377,Kedzie Ave & Lake St,41.88460329,-87.70630374,47.0,45.0
378,California Ave & Lake St,41.88445396,-87.69629814,19.0,18.0
381,Western Ave & Monroe St,41.87978771,-87.68611281,2.0,2.0
382,Western Ave & Congress Pkwy,41.87474885,-87.68644528,56.0,49.0
383,Paulina St & Flournoy St,41.87295,-87.66913,40.0,25.0
384,Halsted St & 51st St,41.80183164,-87.6452139,3.0,6.0
385,Princeton Ave & Garfield Blvd,41.794982,-87.633124,1.0,3.0
386,Halsted St & 56th St,41.79292965,-87.64499006,1.0,1.0
388,Halsted St & 63rd St,41.77938114,-87.64462081,3.0,6.0
390,Wentworth Ave & 63rd St,41.78007963,-87.62974631,2.0,1.0
391,Halsted St & 69th St,41.76906172,-87.64461358,0.0,0.0
392,Perry Ave & 69th St,41.76929309,-87.62819593,0.0,0.0
393,Calumet Ave & 71st St,41.76550801,-87.61691793,0.0,0.0
394,Clark St & 9th St (AMLI),41.870816,-87.631246,34.0,40.0
395,Jeffery Blvd & 76th St,41.75712007,-87.57583936,0.0,0.0
396,Yates Blvd & 75th St,41.758768,-87.56644,0.0,0.0
398,Rainbow Beach,41.75787145,-87.54938625,0.0,0.0
399,South Shore Dr & 74th St,41.76218896,-87.55927465,0.0,0.0
400,Cottage Grove Ave & 71st St,41.76571904,-87.60495971,46.0,33.0
401,Shields Ave & 28th Pl,41.842733,-87.635491,5.0,5.0
402,Shields Ave & 31st St,41.838464,-87.635406,5.0,6.0
403,Wentworth Ave & 33rd St,41.83452989,-87.63182298,4.0,5.0
405,Wentworth Ave & 35th St,41.830777,-87.632504,3.0,3.0
406,Lake Park Ave & 35th St,41.83127424,-87.60879919,3.0,3.0
407,State St & Pershing Rd,41.82301524,-87.62656802,22.0,23.0
408,Union Ave & Root St,41.819102,-87.643278,0.0,0.0
409,Shields Ave & 43rd St,41.81620768,-87.63481935,0.0,0.0
410,Prairie Ave & 43rd St,41.81665889,-87.61941246,5.0,3.0
411,Halsted St & 47th Pl,41.80813391,-87.64561655,29.0,28.0
412,Princeton Ave & 47th St,41.80931771,-87.63344929,1.0,1.0
413,Woodlawn Ave & Lake Park Ave,41.81409271,-87.59700515,41.0,19.0
414,Canal St & Taylor St,41.870257,-87.639474,3.0,3.0
415,Calumet Ave & 51st St,41.80229465,-87.61805358,5.0,5.0
416,Dorchester Ave & 49th St,41.805772,-87.592464,0.0,0.0
417,Cornell Ave & Hyde Park Blvd,41.802406,-87.586924,0.0,0.0
418,Ellis Ave & 53rd St,41.79933626,-87.60095811,6.0,7.0
419,Lake Park Ave & 53rd St,41.79949429,-87.5864499,16.0,13.0
420,Ellis Ave & 55th St,41.79430062,-87.60144977,37.0,36.0
421,MLK Jr Dr & 56th St,41.79342946,-87.61585326,0.0,0.0
422,DuSable Museum,41.79156801,-87.60785218,3.0,4.0
423,University Ave & 57th St,41.791478,-87.599861,4.0,4.0
424,Museum of Science and Industry,41.79172821,-87.58394501,0.0,0.0
425,Harper Ave & 59th St,41.78794281,-87.58831517,6.0,6.0
426,Ellis Ave & 60th St,41.78509715,-87.60107276,0.0,0.0
427,Cottage Grove Ave & 63rd St,41.78059901,-87.60611239,0.0,0.0
428,Dorchester Ave & 63rd St,41.78040565,-87.59141599,0.0,0.0
429,Cottage Grove Ave & 67th St,41.77372095,-87.60563486,0.0,1.0
430,MLK Jr Dr & 63rd St,41.78008064,-87.61594286,0.0,0.0
431,Eberhart Ave & 61st St,41.78414169,-87.61330783,27.0,27.0
432,Clark St & Lunt Ave,42.009074,-87.67419,0.0,0.0
433,Kedzie Ave & Harrison St,41.87359967,-87.70487075,0.0,0.0
434,Ogden Ave & Roosevelt Rd,41.86650148,-87.68469707,0.0,0.0
435,Kedzie Ave & Roosevelt Rd,41.86649278,-87.70649618,1.0,1.0
436,Fairfield Ave & Roosevelt Rd,41.866624,-87.694521,4.0,6.0
437,Washtenaw Ave & Ogden Ave,41.86193049,-87.69345045,0.0,0.0
438,Central Park Ave & Ogden Ave,41.85420431,-87.71540584,2.0,3.0
439,Kedzie Ave & 21st St,41.85353363,-87.70507303,13.0,15.0
440,Central Park Ave & 24th St,41.8481,-87.715068,13.0,18.0
441,Kedzie Ave & 24th St,41.84819094,-87.70541375,0.0,0.0
442,California Ave & 23rd Pl,41.84910969,-87.69513981,20.0,18.0
443,Millard Ave & 26th St,41.84456685,-87.71591031,3.0,7.0
444,Albany Ave & 26th St,41.84447501,-87.70201301,0.0,0.0
445,California Ave & 26th St,41.84404003,-87.69529592,1.0,2.0
446,Western Ave & 28th St,41.84151771,-87.68513144,0.0,0.0
447,Glenwood Ave & Morse Ave,42.00797192,-87.66550239,3.0,3.0
448,Warren Park East,42.00454962,-87.68066615,2.0,1.0
449,Clark St & Columbia Ave,42.00445063,-87.6724024,0.0,0.0
450,Warren Park West,42.001785,-87.688829,8.0,6.0
451,Sheridan Rd & Loyola Ave,42.00104378,-87.66119824,39.0,32.0
452,Western Ave & Granville Ave,41.99416137,-87.68943828,8.0,4.0
453,Clark St & Schreiber Ave,41.99925182,-87.67137734,1.0,3.0
454,Broadway & Granville Ave,41.99477969,-87.66028453,15.0,17.0
455,Maplewood Ave & Peterson Ave,41.99023603,-87.69336964,19.0,22.0
456,2112 W Peterson Ave,41.991178,-87.683593,29.0,24.0
457,Clark St & Elmdale Ave,41.99051756,-87.6698336,36.0,27.0
458,Broadway & Thorndale Ave,41.98974251,-87.66014062,0.0,0.0
459,Lakefront Trail & Bryn Mawr Ave,41.9840367,-87.65231047,8.0,8.0
460,Clark St & Bryn Mawr Ave,41.983593,-87.669154,38.0,39.0
461,Broadway & Ridge Ave,41.98404461,-87.66027383,26.0,36.0
462,Winchester (Ravenswood) Ave & Balmoral Ave,41.979762,-87.67753,10.0,7.0
463,Clark St & Berwyn Ave,41.97799665,-87.6680471,16.0,16.0
464,Damen Ave & Foster Ave,41.9756148,-87.67945904,1.0,4.0
465,Marine Dr & Ainslie St,41.9716,-87.650154,1.0,3.0
466,Ridge Blvd & Touhy Ave,42.01213228,-87.68291264,0.0,0.0
467,Western Ave & Lunt Ave,42.0085944,-87.69049224,2.0,0.0
468,Budlong Woods Library,41.98366471,-87.69642256,0.0,1.0
469,St. Louis Ave & Balmoral Ave,41.98039423,-87.71611496,16.0,21.0
470,Kedzie Ave & Foster Ave,41.975672,-87.709261,2.0,2.0
471,Francisco Ave & Foster Ave,41.97563273,-87.70141944,11.0,12.0
472,Lincoln Ave & Winona St,41.9749113,-87.69250256,1.0,3.0
474,Christiana Ave & Lawrence Ave,41.96835449,-87.71183067,3.0,3.0
475,Washtenaw Ave & Lawrence Ave,41.968987,-87.696027,5.0,5.0
476,Kedzie Ave & Leland Ave,41.96668636,-87.70805198,1.0,0.0
477,Manor Ave & Leland Ave,41.965875,-87.700825,4.0,2.0
478,Rockwell St & Eastwood Ave,41.96590014,-87.69363849,0.0,0.0
479,Drake Ave & Montrose Ave,41.96115408,-87.71656907,2.0,1.0
480,Albany Ave & Montrose Ave,41.961041,-87.705866,5.0,6.0
481,California Ave & Montrose Ave,41.961068,-87.695439,1.0,1.0
482,Campbell Ave & Montrose Ave,41.96152593,-87.69116504,4.0,2.0
483,Avondale Ave & Irving Park Rd,41.953393,-87.732002,0.0,1.0
484,Monticello Ave & Irving Park Rd,41.95400484,-87.71912818,4.0,4.0
485,Sawyer Ave & Irving Park Rd,41.95358618,-87.7093108,19.0,17.0
486,Oakley Ave & Irving Park Rd,41.95434085,-87.68607962,8.0,4.0
487,California Ave & Byron St,41.95216219,-87.69805111,7.0,7.0
488,Pulaski Rd & Eddy St (Temp),41.946264,-87.731023,4.0,5.0
489,Drake Ave & Addison St,41.947326,-87.717582,23.0,22.0
490,Troy St & Elston Ave,41.94524357,-87.7066499,5.0,6.0
491,Talman Ave & Addison St,41.94663583,-87.69461476,7.0,8.0
492,Leavitt St & Addison St,41.946655,-87.683359,19.0,20.0
493,Western Ave & Roscoe St,41.943034,-87.687288,1.0,1.0
494,Kedzie Ave & Bryn Mawr Ave,41.98239708,-87.70892252,3.0,4.0
495,Keystone Ave & Montrose Ave,41.96110802,-87.7289701,15.0,11.0
496,Avers Ave & Belmont Ave,41.939408,-87.723574,24.0,22.0
497,Kimball Ave & Belmont Ave,41.939398,-87.711561,64.0,70.0
498,California Ave & Fletcher St,41.93842879,-87.69800776,9.0,10.0
499,Kosciuszko Park,41.93058537,-87.72377736,15.0,17.0
500,Central Park Ave & Elbridge Ave,41.93533728,-87.71688929,11.0,16.0
501,Richmond St & Diversey Ave,41.93190197,-87.70119513,38.0,34.0
502,California Ave & Altgeld St,41.92669,-87.697668,19.0,19.0
503,Drake Ave & Fullerton Ave,41.92439882,-87.71544104,38.0,39.0
504,Campbell Ave & Fullerton Ave,41.92463247,-87.68930701,7.0,6.0
505,Winchester Ave & Elston Ave,41.92409085,-87.67646007,8.0,7.0
506,Spaulding Ave & Armitage Ave,41.91710803,-87.71022096,2.0,3.0
507,Humboldt Blvd & Armitage Ave,41.91751339,-87.70180896,6.0,4.0
508,Central Park Ave & North Ave,41.90965688,-87.71663195,3.0,3.0
509,Troy St & North Ave,41.9097693,-87.70528049,7.0,7.0
510,Spaulding Ave & Division St,41.90270659,-87.70921957,10.0,14.0
511,Albany Ave & Bloomingdale Ave,41.91402671,-87.70512646,0.0,0.0
514,Ridge Blvd & Howard St,42.019276,-87.68452,5.0,7.0
515,Paulina St & Howard St,42.019159,-87.673573,6.0,6.0
517,Clark St & Jarvis Ave,42.015963,-87.675005,9.0,13.0
518,Conservatory Dr & Lake St,41.885502,-87.716866,9.0,7.0
519,Wolcott Ave & Fargo Ave,42.016977,-87.677725,3.0,9.0
520,Greenview Ave & Jarvis Ave,42.015962,-87.66857,3.0,2.0
522,Bosworth Ave & Howard St,42.019537,-87.669563,5.0,1.0
523,Eastlake Ter & Rogers Ave,42.02088728,-87.66505793,13.0,10.0
524,Austin Blvd & Chicago Ave,41.894887,-87.774704,8.0,11.0
525,Glenwood Ave & Touhy Ave,42.012701,-87.666058,10.0,10.0
526,Oakley Ave & Touhy Ave,42.012342,-87.688243,7.0,3.0
527,Western Ave & Howard St,42.018901,-87.690048,5.0,6.0
528,Pulaski Rd & Lake St,41.885409,-87.726491,16.0,17.0
529,Cicero Ave & Lake St,41.886841,-87.745261,12.0,11.0
530,Laramie Ave & Kinzie St,41.887832,-87.755527,2.0,2.0
531,Central Ave & Lake St,41.887664,-87.765469,9.0,8.0
532,Austin Blvd & Lake St,41.887919,-87.774446,9.0,11.0
533,Central Park Blvd & 5th Ave,41.875679,-87.71547,11.0,11.0
534,Karlov Ave & Madison St,41.88085,-87.727907,14.0,16.0
535,Pulaski Rd & Congress Pkwy,41.874325,-87.725704,10.0,16.0
536,Kostner Ave & Lake St,41.885928,-87.73541,3.0,5.0
537,Kenton Ave & Madison St,41.880708,-87.741018,2.0,2.0
538,Cicero Ave & Flournoy St,41.872131,-87.746619,5.0,9.0
539,Cicero Ave & Quincy St,41.877613,-87.745405,7.0,10.0
540,Laramie Ave & Madison St,41.880207,-87.755337,11.0,17.0
541,Central Ave & Harrison St,41.872993,-87.764499,14.0,6.0
542,Central Ave & Madison St,41.880121,-87.763238,8.0,4.0
543,Laramie Ave & Gladys Ave,41.875806,-87.755285,5.0,9.0
544,Austin Blvd & Madison St,41.880281,-87.774453,11.0,10.0
545,Kostner Ave & Adams St,41.877917,-87.735737,20.0,16.0
546,Damen Ave & Pershing Rd,41.823192,-87.676597,10.0,8.0
547,Ashland Ave & Pershing Rd,41.823465,-87.665577,18.0,19.0
548,Morgan St & Pershing Rd,41.823613,-87.650931,17.0,17.0
549,Marshfield Ave & 44th St,41.813996,-87.666589,14.0,22.0
550,Central Ave & Chicago Ave,41.894958,-87.764902,3.0,9.0
551,Hoyne Ave & 47th St,41.808227,-87.67718,7.0,13.0
552,Ashland Ave & McDowell Ave,41.80887,-87.66454,3.0,3.0
553,Elizabeth St & 47th St,41.80839,-87.656526,22.0,21.0
554,Damen Ave & 51st St,41.800908,-87.674684,0.0,0.0
555,Ashland Ave & 50th St,41.803023,-87.664699,0.0,0.0
556,Throop St & 52nd St,41.799659,-87.657195,0.0,1.0
557,Seeley Ave & Garfield Blvd,41.794087,-87.675478,7.0,7.0
558,Ashland Ave & Garfield Blvd,41.792822,-87.664429,0.0,0.0
559,Racine Ave & Garfield Blvd,41.794228,-87.655073,3.0,4.0
560,Marshfield Ave & 59th St,41.786833,-87.666215,3.0,6.0
561,Damen Ave & 59th St,41.78602,-87.674167,1.0,2.0
562,Racine Ave & 61st St,41.783189,-87.654372,6.0,5.0
563,Ashland Ave & 63rd St,41.779374,-87.664843,0.0,0.0
564,Racine Ave & 65th St,41.775393,-87.654308,3.0,1.0
565,Ashland Ave & 66th St,41.774074,-87.663815,8.0,8.0
566,Ashland Ave & 69th St,41.768726,-87.664069,0.0,0.0
567,May St & 69th St,41.768938,-87.652934,5.0,3.0
568,Vincennes Ave & 75th St,41.75797,-87.63121,2.0,2.0
569,Woodlawn Ave & 75th St,41.75916,-87.595751,3.0,5.0
570,Evans Ave & 75th St,41.75849,-87.60641,1.0,1.0
571,Vernon Ave & 75th St,41.758361,-87.614138,1.0,1.0
572,State St & 76th St,41.756971,-87.624621,0.0,0.0
573,State St & 79th St,41.750794,-87.624424,0.0,0.0
574,Vernon Ave & 79th St,41.75094,-87.61379,3.0,2.0
575,Cottage Grove Ave & 78th St,41.753174,-87.605026,4.0,5.0
576,Greenwood Ave & 79th St,41.751294,-87.597552,1.0,1.0
577,Stony Island Ave & South Chicago Ave,41.751173,-87.585337,0.0,0.0
578,Bennett Ave & 79th St,41.751785,-87.578496,0.0,0.0
579,Phillips Ave & 79th St,41.75182,-87.565211,0.0,0.0
580,Exchange Ave & 79th St,41.751731,-87.552812,0.0,0.0
581,Commercial Ave & 83rd St,41.744615,-87.551208,0.0,0.0
582,Phillips Ave & 83rd St,41.744531,-87.56506,0.0,1.0
583,Stony Island Ave & 82nd St,41.746559,-87.586005,1.0,1.0
584,Ellis Ave & 83rd St,41.744123,-87.599034,1.0,0.0
585,Cottage Grove Ave & 83rd St,41.743441,-87.604836,0.0,0.0
586,MLK Jr Dr & 83rd St,41.743116,-87.6148,2.0,1.0
587,Wabash Ave & 83rd St,41.743316,-87.622849,0.0,0.0
588,South Chicago Ave & 83rd St,41.743921,-87.575225,0.0,0.0
589,Milwaukee Ave & Cuyler Ave,41.954468,-87.749594,3.0,3.0
590,Kilbourn Ave & Irving Park Rd,41.953733,-87.740569,1.0,0.0
591,Kilbourn Ave & Milwaukee Ave,41.948818,-87.74002,1.0,1.0
592,Knox Ave & Montrose Ave,41.960631,-87.745359,0.0,0.0
593,Halsted St & 59th St,41.787539,-87.644874,1.0,1.0
594,Western Blvd & 48th Pl,41.805661,-87.683392,4.0,4.0
595,Wabash Ave & 87th St,41.736646,-87.622634,1.0,1.0
596,Benson Ave & Church St,42.048214,-87.683485,0.0,0.0
597,Chicago Ave & Washington St,42.032562,-87.679101,0.0,0.0
598,Elmwood Ave & Austin St,42.025784,-87.684107,0.0,0.0
599,Valli Produce - Evanston Plaza,42.039742,-87.699413,1.0,0.0
600,Dodge Ave & Church St,42.048308,-87.698224,1.0,0.0
601,Central St Metra,42.063598,-87.69873,2.0,3.0
602,Central St & Girard Ave,42.064313,-87.686152,0.0,0.0
603,Chicago Ave & Sheridan Rd,42.050491,-87.677821,0.0,0.0
604,Sheridan Rd & Noyes St (NU),42.058239,-87.677432,0.0,0.0
605,University Library (NU),42.052939,-87.673447,1.0,1.0
619,Keystone Ave & Fullerton Ave,41.92459,-87.72785,0.0,0.0
620,Orleans St & Chestnut St (NEXT Apts),41.898203,-87.637536,0.0,0.0
621,Aberdeen St & Randolph St,41.884114,-87.654264,1.0,0.0
622,California Ave & Cortez St,41.900363,-87.696704,1.0,0.0
623,Michigan Ave & 8th St,41.872773,-87.623981,0.0,0.0
624,Dearborn St & Van Buren St,41.876268,-87.629155,0.0,0.0
625,Chicago Ave & Dempster St,42.041691,-87.680687,0.0,3.0
626,Delano Ct & Roosevelt Rd,41.867491,-87.63219,0.0,0.0
627,LaSalle Dr & Huron St,41.894877,-87.632326,0.0,0.0
628,Walsh Park,41.91461,-87.667968,0.0,0.0
630,Kildare Ave & Montrose Ave,41.96108,-87.73569,0.0,0.0
631,Malcolm X College,41.877618,-87.673895,0.0,0.0
635,Fairbanks St & Superior St,41.895748,-87.620104,0.0,0.0
636,Orleans St & Hubbard St,41.890028,-87.636618,0.0,0.0
638,Clinton St & Jackson Blvd,41.87811603,-87.63983846,0.0,0.0
639,Lakefront Trail & Wilson Ave,41.965845,-87.645361,0.0,0.0
642,Latrobe Ave & Chicago Ave,41.894745,-87.756895,3.0,3.0
645,Archer (Damen) Ave & 37th St,41.826712,-87.683144,0.0,0.0
647,Elizabeth St & 59th St,41.786691,-87.655859,0.0,0.0
652,Rhodes Ave & 71st St,41.766,-87.611726,0.0,0.0
653,Cornell Dr & Hayes Dr,41.780595,-87.584846,0.0,0.0
657,Wood St & Augusta Blvd,41.899181,-87.6722,3.0,0.0
659,Leavitt St & Chicago Ave,41.895501,-87.682017,1.0,1.0
660,Sheridan Rd & Columbia Ave,42.004583,-87.661406,1.0,1.0
661,Evanston Civic Center,42.057044,-87.686554,0.0,0.0
662,Dodge Ave & Mulford St,42.023463,-87.699595,4.0,1.0
663,Lincolnwood Dr & Central St,42.064854,-87.715297,1.0,3.0
665,South Chicago Ave & Elliot Ave,41.747363,-87.580046,5.0,7.0
666,Cherry Ave & Blackhawk St,41.907221,-87.655618,2.0,2.0
672,Franklin St & Illinois St,41.89102331,-87.63547987,0.0,0.0
673,Lincoln Park Conservatory,41.92393131,-87.63582453,1.0,2.0
